{
  "prev": {
    "session": "cscan_scan_1778766415",
    "voltage_v": 3.209
  },
  "curr": {
    "session": "cscan_scan_1778793739",
    "voltage_v": 3.366
  },
  "delta_v": 0.15700000000000003,
  "features": [
    {
      "name": "amplitude",
      "unit": "V",
      "prev_mean": 0.6077942848205566,
      "prev_std": 0.32848697900772095,
      "curr_mean": 0.6877173185348511,
      "curr_std": 0.3303326368331909,
      "mean_delta": 0.07992297410964966,
      "median_delta": 0.02878209948539734,
      "std_delta": 0.16085150837898254,
      "rmse": 0.1796131730079651,
      "mae": 0.12266641855239868,
      "corr": 0.8807952876736013,
      "p5_delta": -0.13012415096163749,
      "p95_delta": 0.3812997445464134,
      "frac_pixels_increased": 0.66484,
      "n_pixels": 350000
    },
    {
      "name": "tof",
      "unit": "\u00b5s",
      "prev_mean": 7.4124627113342285,
      "prev_std": 1.7280635833740234,
      "curr_mean": 7.371234893798828,
      "curr_std": 1.7324228286743164,
      "mean_delta": -0.04122854396700859,
      "median_delta": -0.01427459716796875,
      "std_delta": 0.28425806760787964,
      "rmse": 0.2872323989868164,
      "mae": 0.1034652590751648,
      "corr": 0.986507890467276,
      "p5_delta": -0.21927263736724853,
      "p95_delta": 0.06322007179260253,
      "frac_pixels_increased": 0.39348285714285713,
      "n_pixels": 350000
    },
    {
      "name": "energy",
      "unit": "",
      "prev_mean": 54.53419494628906,
      "prev_std": 33.476322174072266,
      "curr_mean": 53.790138244628906,
      "curr_std": 33.387210845947266,
      "mean_delta": -0.7440531253814697,
      "median_delta": -0.4427754878997803,
      "std_delta": 5.944195747375488,
      "rmse": 5.990581512451172,
      "mae": 3.6251585483551025,
      "corr": 0.9841969571020383,
      "p5_delta": -7.372109222412109,
      "p95_delta": 7.818963241577139,
      "frac_pixels_increased": 0.4122571428571429,
      "n_pixels": 350000
    }
  ]
}